{
  "power_state_comparison": {
    "DCGM_FI_DEV_POWER_USAGE": {
      "bare_mean": 74.666351561773,
      "bare_std": 7.929806635385693,
      "cuda_mean": 145.5309085033779,
      "cuda_std": 11.197698196612189,
      "diff_mean": 70.8645569416049,
      "ci_low": 70.79924383907331,
      "ci_high": 70.92987004413649,
      "p_value": 0.0,
      "cohens_d": 7.303872643456453,
      "n_bare": 161195,
      "n_cuda": 174072
    },
    "DCGM_FI_DEV_GPU_TEMP": {
      "bare_mean": 36.66608765780576,
      "bare_std": 2.6097819351587983,
      "cuda_mean": 38.51086906567397,
      "cuda_std": 3.2569891861822944,
      "diff_mean": 1.8447814078682114,
      "ci_low": 1.8248709418268587,
      "ci_high": 1.8646918739095641,
      "p_value": 0.0,
      "cohens_d": 0.6250993473018583,
      "n_bare": 161195,
      "n_cuda": 174072
    },
    "DCGM_FI_DEV_MEMORY_TEMP": {
      "bare_mean": 43.18045224727814,
      "bare_std": 2.5268966493745944,
      "cuda_mean": 44.03195804035112,
      "cuda_std": 2.968427344569236,
      "diff_mean": 0.851505793072981,
      "ci_low": 0.8328876603028885,
      "ci_high": 0.8701239258430735,
      "p_value": 0.0,
      "cohens_d": 0.3089064625359073,
      "n_bare": 161195,
      "n_cuda": 174072
    }
  },
  "vram_effect": {
    "node-1_gpu2_vs_gpu0": {
      "host": "node-1",
      "gpu_a": 2,
      "gpu_b": 0,
      "vram_a_gb": 60.7109375,
      "vram_b_gb": 72.97265625,
      "power_a": 127.03605155417759,
      "power_b": 131.10730491295016,
      "power_diff_w": 4.071253358772566,
      "vram_diff_gb": 12.26171875,
      "w_per_gb": 0.33202958262050875,
      "p_value": 0.0,
      "cohens_d": 55.47698789714661
    },
    "node-2_gpu2_vs_gpu0": {
      "host": "node-2",
      "gpu_a": 2,
      "gpu_b": 0,
      "vram_a_gb": 3.24609375,
      "vram_b_gb": 70.7890625,
      "power_a": 149.08537552624193,
      "power_b": 151.37534080865652,
      "power_diff_w": 2.2899652824145846,
      "vram_diff_gb": 67.54296875,
      "w_per_gb": 0.03390382929258769,
      "p_value": 0.0,
      "cohens_d": 0.5311149772224478
    },
    "node-2_gpu2_vs_gpu5": {
      "host": "node-2",
      "gpu_a": 2,
      "gpu_b": 5,
      "vram_a_gb": 3.24609375,
      "vram_b_gb": 76.20703125,
      "power_a": 149.08537552624193,
      "power_b": 151.92131919948457,
      "power_diff_w": 2.835943673242639,
      "vram_diff_gb": 72.9609375,
      "w_per_gb": 0.03886934256077287,
      "p_value": 0.0,
      "cohens_d": 0.8795340380212051
    },
    "node-2_gpu2_vs_gpu4": {
      "host": "node-2",
      "gpu_a": 2,
      "gpu_b": 4,
      "vram_a_gb": 3.24609375,
      "vram_b_gb": 76.208984375,
      "power_a": 149.08537552624193,
      "power_b": 155.38415797317438,
      "power_diff_w": 6.298782446932449,
      "vram_diff_gb": 72.962890625,
      "w_per_gb": 0.08632857597851579,
      "p_value": 0.0,
      "cohens_d": 2.0172601486276722
    },
    "node-2_gpu2_vs_gpu6": {
      "host": "node-2",
      "gpu_a": 2,
      "gpu_b": 6,
      "vram_a_gb": 3.24609375,
      "vram_b_gb": 77.1484375,
      "power_a": 149.08537552624193,
      "power_b": 153.33626294053968,
      "power_diff_w": 4.25088741429775,
      "vram_diff_gb": 73.90234375,
      "w_per_gb": 0.05752033289604229,
      "p_value": 0.0,
      "cohens_d": 79.91796331902124
    },
    "node-2_gpu0_vs_gpu5": {
      "host": "node-2",
      "gpu_a": 0,
      "gpu_b": 5,
      "vram_a_gb": 70.7890625,
      "vram_b_gb": 76.20703125,
      "power_a": 151.37534080865652,
      "power_b": 151.92131919948457,
      "power_diff_w": 0.5459783908280542,
      "vram_diff_gb": 5.41796875,
      "w_per_gb": 0.10077178662724,
      "p_value": 0.0,
      "cohens_d": 0.10141301831080396
    },
    "node-2_gpu0_vs_gpu4": {
      "host": "node-2",
      "gpu_a": 0,
      "gpu_b": 4,
      "vram_a_gb": 70.7890625,
      "vram_b_gb": 76.208984375,
      "power_a": 151.37534080865652,
      "power_b": 155.38415797317438,
      "power_diff_w": 4.008817164517865,
      "vram_diff_gb": 5.419921875,
      "w_per_gb": 0.7396448245885213,
      "p_value": 0.0,
      "cohens_d": 0.753071061536647
    },
    "node-2_gpu0_vs_gpu6": {
      "host": "node-2",
      "gpu_a": 0,
      "gpu_b": 6,
      "vram_a_gb": 70.7890625,
      "vram_b_gb": 77.1484375,
      "power_a": 151.37534080865652,
      "power_b": 153.33626294053968,
      "power_diff_w": 1.9609221318831658,
      "vram_diff_gb": 6.359375,
      "w_per_gb": 0.3083513917457558,
      "p_value": 0.0,
      "cohens_d": 0.4547927612544328
    },
    "node-2_gpu5_vs_gpu4": {
      "host": "node-2",
      "gpu_a": 5,
      "gpu_b": 4,
      "vram_a_gb": 76.20703125,
      "vram_b_gb": 76.208984375,
      "power_a": 151.92131919948457,
      "power_b": 155.38415797317438,
      "power_diff_w": 3.4628387736898105,
      "vram_diff_gb": 0.001953125,
      "w_per_gb": 1772.973452129183,
      "p_value": 0.0,
      "cohens_d": 0.771542728499084
    },
    "node-2_gpu5_vs_gpu6": {
      "host": "node-2",
      "gpu_a": 5,
      "gpu_b": 6,
      "vram_a_gb": 76.20703125,
      "vram_b_gb": 77.1484375,
      "power_a": 151.92131919948457,
      "power_b": 153.33626294053968,
      "power_diff_w": 1.4149437410551116,
      "vram_diff_gb": 0.94140625,
      "w_per_gb": 1.5030107788801186,
      "p_value": 0.0,
      "cohens_d": 0.4388162290689157
    },
    "node-2_gpu4_vs_gpu6": {
      "host": "node-2",
      "gpu_a": 4,
      "gpu_b": 6,
      "vram_a_gb": 76.208984375,
      "vram_b_gb": 77.1484375,
      "power_a": 155.38415797317438,
      "power_b": 153.33626294053968,
      "power_diff_w": -2.047895032634699,
      "vram_diff_gb": 0.939453125,
      "w_per_gb": -2.1798799515778917,
      "p_value": 0.0,
      "cohens_d": -0.655844204688068
    },
    "regression": {
      "intercept": 144.77681268963306,
      "slope_w_per_gb": 0.013282294051740869,
      "r_squared": 0.0009496103022910879,
      "p_value": 0.9477103976405135,
      "slope_se": 0.19266777254871476,
      "pearson_r": 0.0308157476347904,
      "spearman_rho": 0.7857142857142859
    }
  },
  "economic": {
    "cuda_overhead_w": 70.8645569416049,
    "marginal_w_per_gb": 0.013282294051740869,
    "annual_kwh_per_gpu": 620.7735188084589
  }
}